{"classification report": {"0": {"precision": 0.989247311827957, "recall": 0.9963898916967509, "f1-score": 0.9928057553956835, "support": 1939.0}, "1": {"precision": 0.851063829787234, "recall": 0.6557377049180327, "f1-score": 0.7407407407407407, "support": 61.0}, "accuracy": 0.986, "macro avg": {"precision": 0.9201555708075955, "recall": 0.8260637983073917, "f1-score": 0.8667732480682121, "support": 2000.0}, "weighted avg": {"precision": 0.985032715625715, "recall": 0.986, "f1-score": 0.9851177724487078, "support": 2000.0}}, "accuracy": 0.986, "roc_auc": 0.8260637983073917, "feature_importance": {"Torque": 0.2941770733536518, "Rotational speed": 0.25766999474947383, "Temp_Delta": 0.15969301796884033, "Tool wear": 0.13997683478512807, "Air temperature": 0.06492962619564162, "Process temperature": 0.05743404867826946, "Type_L": 0.012236503267448056, "Type_M": 0.008664510674186273, "Type_H": 0.005218390327360748}}