{"classification report": {"HDF": {"precision": 1.0, "recall": 1.0, "f1-score": 1.0, "support": 23.0}, "NONE": {"precision": 0.9851889683350358, "recall": 0.9994818652849741, "f1-score": 0.9922839506172839, "support": 1930.0}, "OSF": {"precision": 1.0, "recall": 0.5, "f1-score": 0.6666666666666666, "support": 16.0}, "PWF": {"precision": 0.9090909090909091, "recall": 0.5555555555555556, "f1-score": 0.6896551724137931, "support": 18.0}, "RNF": {"precision": 0.0, "recall": 0.0, "f1-score": 0.0, "support": 4.0}, "TWF": {"precision": 0.0, "recall": 0.0, "f1-score": 0.0, "support": 9.0}, "accuracy": 0.985, "macro avg": {"precision": 0.6490466462376575, "recall": 0.5091729034734217, "f1-score": 0.5581009649496239, "support": 2000.0}, "weighted avg": {"precision": 0.9783891726251277, "recall": 0.985, "f1-score": 0.9805942422307365, "support": 2000.0}}, "accuracy": 0.985, "Multiclass ROC AUC (macro, OVR)": 0.8991659117210377, "feature_importance": {"Torque": 0.2423638552759845, "Tool wear": 0.24195979264918685, "Temp_Delta": 0.17113110449563276, "Rotational speed": 0.1684552707290966, "Air temperature": 0.07713193868960894, "Process temperature": 0.07249474062487138, "Type_L": 0.01234336503028576, "Type_M": 0.008874653404002241, "Type_H": 0.005245279101330996}}